{"placements":[{"x":1684.0,"y":1379.8460969082653},{"x":984.0,"y":1553.0511776651529}]}