{"placements":[{"x":1741.814060381665,"y":1172.0},{"x":1731.8140492425657,"y":1172.0000004679746}],"volumes":[10.0,10.0]}