{"placements":[{"x":1742.216001358856,"y":1172.0000000001914},{"x":1732.2160013582202,"y":1172.00000000059}],"volumes":[1.0,1.0]}