{"placements":[{"x":1261.0,"y":2941.9357503463516},{"x":1096.0,"y":2405.0},{"x":1211.0,"y":2456.961524227066}]}