{"placements":[{"x":1264.0,"y":3226.1233506238877},{"x":1263.999999999999,"y":2486.1555300038385},{"x":1264.0,"y":3246.7387074304634}],"volumes":[1.0,1.0,1.0]}