{"placements":[{"x":1263.9921018147547,"y":3231.0749586530274},{"x":1263.9872913813497,"y":2483.9329484725326},{"x":1263.9875066414866,"y":3242.555229661685}],"volumes":[10.0,10.0,10.0]}