{"placements":[{"x":1251.0,"y":3219.0638795573723},{"x":1156.0,"y":3132.4613391789285},{"x":1086.0,"y":3097.820323027551}]}